{
  "auc": 0.8782467532467533,
  "aupr": 0.8857104516295385,
  "brier": 0.14375962419276012,
  "auc_ci": [
    0.7888343686428364,
    0.948816816265631
  ],
  "cv_choice": "RF",
  "cv_best_score": 0.944752567693744,
  "shap": {
    "available": true,
    "method": "tree"
  },
  "auc_by_sex": {
    "0": 0.8461538461538461,
    "1": 0.8706521739130435
  },
  "auc_by_age_bucket": {
    "45to60": 0.8777777777777778,
    "gt60": 0.7523809523809524
  },
  "auc_by_cp": {
    "0": 0.8486842105263157
  }
}